url_original_404,path,url_sugerida,accion
https://tripseuropa.com/argentina,/argentina,https://tripseuropa.com/,corregir_en_sitemap
https://tripseuropa.com/blog/post/consejos-primera-vez-europa,/blog/post/consejos-primera-vez-europa,https://tripseuropa.com/blog,corregir_en_sitemap
https://tripseuropa.com/blog/post/documentos-necesarios-viajar-europa,/blog/post/documentos-necesarios-viajar-europa,https://tripseuropa.com/blog,corregir_en_sitemap
https://tripseuropa.com/blog/post/mejor-epoca-visitar-europa,/blog/post/mejor-epoca-visitar-europa,https://tripseuropa.com/blog,corregir_en_sitemap
https://tripseuropa.com/blog/post/mejores-destinos-europa,/blog/post/mejores-destinos-europa,https://tripseuropa.com/blog,corregir_en_sitemap
https://tripseuropa.com/blog/post/presupuesto-viaje-europa,/blog/post/presupuesto-viaje-europa,https://tripseuropa.com/blog,corregir_en_sitemap
https://tripseuropa.com/blog/post/visa-schengen-guia-completa,/blog/post/visa-schengen-guia-completa,https://tripseuropa.com/blog,corregir_en_sitemap
https://tripseuropa.com/brasil,/brasil,https://tripseuropa.com/,corregir_en_sitemap
https://tripseuropa.com/chile,/chile,https://tripseuropa.com/,corregir_en_sitemap
https://tripseuropa.com/colombia,/colombia,https://tripseuropa.com/,corregir_en_sitemap
https://tripseuropa.com/costa-rica,/costa-rica,https://tripseuropa.com/,corregir_en_sitemap
https://tripseuropa.com/destination/alemania,/destination/alemania,https://tripseuropa.com/,corregir_en_sitemap
https://tripseuropa.com/destination/austria,/destination/austria,https://tripseuropa.com/,corregir_en_sitemap
https://tripseuropa.com/destination/belgica,/destination/belgica,https://tripseuropa.com/,corregir_en_sitemap
https://tripseuropa.com/destination/croacia,/destination/croacia,https://tripseuropa.com/,corregir_en_sitemap
https://tripseuropa.com/destination/espana,/destination/espana,https://tripseuropa.com/,corregir_en_sitemap
https://tripseuropa.com/destination/francia,/destination/francia,https://tripseuropa.com/,corregir_en_sitemap
https://tripseuropa.com/destination/grecia,/destination/grecia,https://tripseuropa.com/,corregir_en_sitemap
https://tripseuropa.com/destination/hungria,/destination/hungria,https://tripseuropa.com/,corregir_en_sitemap
https://tripseuropa.com/destination/italia,/destination/italia,https://tripseuropa.com/,corregir_en_sitemap
https://tripseuropa.com/destination/paises-bajos,/destination/paises-bajos,https://tripseuropa.com/,corregir_en_sitemap
https://tripseuropa.com/destination/polonia,/destination/polonia,https://tripseuropa.com/,corregir_en_sitemap
https://tripseuropa.com/destination/portugal,/destination/portugal,https://tripseuropa.com/,corregir_en_sitemap
https://tripseuropa.com/destination/reino-unido,/destination/reino-unido,https://tripseuropa.com/,corregir_en_sitemap
https://tripseuropa.com/destination/republica-checa,/destination/republica-checa,https://tripseuropa.com/,corregir_en_sitemap
https://tripseuropa.com/destination/suiza,/destination/suiza,https://tripseuropa.com/,corregir_en_sitemap
https://tripseuropa.com/destination/turquia,/destination/turquia,https://tripseuropa.com/,corregir_en_sitemap
https://tripseuropa.com/destinations/albania,/destinations/albania,https://tripseuropa.com/destinos,redireccion_301
https://tripseuropa.com/destinations/amsterdam,/destinations/amsterdam,https://tripseuropa.com/destinos,redireccion_301
https://tripseuropa.com/destinations/atenas,/destinations/atenas,https://tripseuropa.com/destinos,redireccion_301
https://tripseuropa.com/destinations/austria,/destinations/austria,https://tripseuropa.com/destinos,redireccion_301
https://tripseuropa.com/destinations/baltics,/destinations/baltics,https://tripseuropa.com/destinos,redireccion_301
https://tripseuropa.com/destinations/barcelona,/destinations/barcelona,https://tripseuropa.com/destinos,redireccion_301
https://tripseuropa.com/destinations/belgium,/destinations/belgium,https://tripseuropa.com/destinos,redireccion_301
https://tripseuropa.com/destinations/berlin,/destinations/berlin,https://tripseuropa.com/destinos,redireccion_301
https://tripseuropa.com/destinations/bruselas,/destinations/bruselas,https://tripseuropa.com/destinos,redireccion_301
https://tripseuropa.com/destinations/budapest,/destinations/budapest,https://tripseuropa.com/destinos,redireccion_301
https://tripseuropa.com/destinations/cinque-terre,/destinations/cinque-terre,https://tripseuropa.com/destinos,redireccion_301
https://tripseuropa.com/destinations/copenhague,/destinations/copenhague,https://tripseuropa.com/destinos,redireccion_301
https://tripseuropa.com/destinations/costa-amalfitana,/destinations/costa-amalfitana,https://tripseuropa.com/destinos,redireccion_301
https://tripseuropa.com/destinations/croatia,/destinations/croatia,https://tripseuropa.com/destinos,redireccion_301
https://tripseuropa.com/destinations/cyprus,/destinations/cyprus,https://tripseuropa.com/destinos,redireccion_301
https://tripseuropa.com/destinations/czech-republic,/destinations/czech-republic,https://tripseuropa.com/destinos,redireccion_301
https://tripseuropa.com/destinations/denmark,/destinations/denmark,https://tripseuropa.com/destinos,redireccion_301
https://tripseuropa.com/destinations/dublin,/destinations/dublin,https://tripseuropa.com/destinos,redireccion_301
https://tripseuropa.com/destinations/dubrovnik,/destinations/dubrovnik,https://tripseuropa.com/destinos,redireccion_301
https://tripseuropa.com/destinations/edimburgo,/destinations/edimburgo,https://tripseuropa.com/destinos,redireccion_301
https://tripseuropa.com/destinations/estocolmo,/destinations/estocolmo,https://tripseuropa.com/destinos,redireccion_301
https://tripseuropa.com/destinations/finland,/destinations/finland,https://tripseuropa.com/destinos,redireccion_301
https://tripseuropa.com/destinations/florencia,/destinations/florencia,https://tripseuropa.com/destinos,redireccion_301
https://tripseuropa.com/destinations/france,/destinations/france,https://tripseuropa.com/destinos,redireccion_301
https://tripseuropa.com/destinations/germany,/destinations/germany,https://tripseuropa.com/destinos,redireccion_301
https://tripseuropa.com/destinations/greece,/destinations/greece,https://tripseuropa.com/destinos,redireccion_301
https://tripseuropa.com/destinations/helsinki,/destinations/helsinki,https://tripseuropa.com/destinos,redireccion_301
https://tripseuropa.com/destinations/hungary,/destinations/hungary,https://tripseuropa.com/destinos,redireccion_301
https://tripseuropa.com/destinations/ibiza,/destinations/ibiza,https://tripseuropa.com/destinos,redireccion_301
https://tripseuropa.com/destinations/iceland,/destinations/iceland,https://tripseuropa.com/destinos,redireccion_301
https://tripseuropa.com/destinations/ireland,/destinations/ireland,https://tripseuropa.com/destinos,redireccion_301
https://tripseuropa.com/destinations/italy,/destinations/italy,https://tripseuropa.com/destinos,redireccion_301
https://tripseuropa.com/destinations/lisboa,/destinations/lisboa,https://tripseuropa.com/destinos,redireccion_301
https://tripseuropa.com/destinations/londres,/destinations/londres,https://tripseuropa.com/destinos,redireccion_301
https://tripseuropa.com/destinations/madrid,/destinations/madrid,https://tripseuropa.com/destinos,redireccion_301
https://tripseuropa.com/destinations/malta,/destinations/malta,https://tripseuropa.com/destinos,redireccion_301
https://tripseuropa.com/destinations/milan,/destinations/milan,https://tripseuropa.com/destinos,redireccion_301
https://tripseuropa.com/destinations/munich,/destinations/munich,https://tripseuropa.com/destinos,redireccion_301
https://tripseuropa.com/destinations/mykonos,/destinations/mykonos,https://tripseuropa.com/destinos,redireccion_301
https://tripseuropa.com/destinations/netherlands,/destinations/netherlands,https://tripseuropa.com/destinos,redireccion_301
https://tripseuropa.com/destinations/niza,/destinations/niza,https://tripseuropa.com/destinos,redireccion_301
https://tripseuropa.com/destinations/norway,/destinations/norway,https://tripseuropa.com/destinos,redireccion_301
https://tripseuropa.com/destinations/oslo,/destinations/oslo,https://tripseuropa.com/destinos,redireccion_301
https://tripseuropa.com/destinations/paris,/destinations/paris,https://tripseuropa.com/destinos,redireccion_301
https://tripseuropa.com/destinations/poland,/destinations/poland,https://tripseuropa.com/destinos,redireccion_301
https://tripseuropa.com/destinations/porto,/destinations/porto,https://tripseuropa.com/destinos,redireccion_301
https://tripseuropa.com/destinations/portugal,/destinations/portugal,https://tripseuropa.com/destinos,redireccion_301
https://tripseuropa.com/destinations/praga,/destinations/praga,https://tripseuropa.com/destinos,redireccion_301
https://tripseuropa.com/destinations/reykjavik,/destinations/reykjavik,https://tripseuropa.com/destinos,redireccion_301
https://tripseuropa.com/destinations/roma,/destinations/roma,https://tripseuropa.com/destinos,redireccion_301
https://tripseuropa.com/destinations/romania,/destinations/romania,https://tripseuropa.com/destinos,redireccion_301
https://tripseuropa.com/destinations/santorini,/destinations/santorini,https://tripseuropa.com/destinos,redireccion_301
https://tripseuropa.com/destinations/scotland,/destinations/scotland,https://tripseuropa.com/destinos,redireccion_301
https://tripseuropa.com/destinations/sevilla,/destinations/sevilla,https://tripseuropa.com/destinos,redireccion_301
https://tripseuropa.com/destinations/spain,/destinations/spain,https://tripseuropa.com/destinos,redireccion_301
https://tripseuropa.com/destinations/split,/destinations/split,https://tripseuropa.com/destinos,redireccion_301
https://tripseuropa.com/destinations/sweden,/destinations/sweden,https://tripseuropa.com/destinos,redireccion_301
https://tripseuropa.com/destinations/switzerland,/destinations/switzerland,https://tripseuropa.com/destinos,redireccion_301
https://tripseuropa.com/destinations/united-kingdom,/destinations/united-kingdom,https://tripseuropa.com/destinos,redireccion_301
https://tripseuropa.com/destinations/varsovia,/destinations/varsovia,https://tripseuropa.com/destinos,redireccion_301
https://tripseuropa.com/destinations/venecia,/destinations/venecia,https://tripseuropa.com/destinos,redireccion_301
https://tripseuropa.com/destinations/viena,/destinations/viena,https://tripseuropa.com/destinos,redireccion_301
https://tripseuropa.com/destinations/zurich,/destinations/zurich,https://tripseuropa.com/destinos,redireccion_301
https://tripseuropa.com/destinos/albania,/destinos/albania,https://tripseuropa.com/destinos,redireccion_301
https://tripseuropa.com/destinos/amsterdam,/destinos/amsterdam,https://tripseuropa.com/destinos,redireccion_301
https://tripseuropa.com/destinos/atenas,/destinos/atenas,https://tripseuropa.com/destinos,redireccion_301
https://tripseuropa.com/destinos/austria,/destinos/austria,https://tripseuropa.com/destinos,redireccion_301
https://tripseuropa.com/destinos/baltics,/destinos/baltics,https://tripseuropa.com/destinos,redireccion_301
https://tripseuropa.com/destinos/barcelona,/destinos/barcelona,https://tripseuropa.com/destinos,redireccion_301
https://tripseuropa.com/destinos/belgium,/destinos/belgium,https://tripseuropa.com/destinos,redireccion_301
https://tripseuropa.com/destinos/berlin,/destinos/berlin,https://tripseuropa.com/destinos,redireccion_301
https://tripseuropa.com/destinos/bruselas,/destinos/bruselas,https://tripseuropa.com/destinos,redireccion_301
https://tripseuropa.com/destinos/budapest,/destinos/budapest,https://tripseuropa.com/destinos,redireccion_301
https://tripseuropa.com/destinos/cinque-terre,/destinos/cinque-terre,https://tripseuropa.com/destinos,redireccion_301
https://tripseuropa.com/destinos/copenhague,/destinos/copenhague,https://tripseuropa.com/destinos,redireccion_301
https://tripseuropa.com/destinos/costa-amalfitana,/destinos/costa-amalfitana,https://tripseuropa.com/destinos,redireccion_301
https://tripseuropa.com/destinos/croatia,/destinos/croatia,https://tripseuropa.com/destinos,redireccion_301
https://tripseuropa.com/destinos/cyprus,/destinos/cyprus,https://tripseuropa.com/destinos,redireccion_301
https://tripseuropa.com/destinos/czech-republic,/destinos/czech-republic,https://tripseuropa.com/destinos,redireccion_301
https://tripseuropa.com/destinos/denmark,/destinos/denmark,https://tripseuropa.com/destinos,redireccion_301
https://tripseuropa.com/destinos/dublin,/destinos/dublin,https://tripseuropa.com/destinos,redireccion_301
https://tripseuropa.com/destinos/dubrovnik,/destinos/dubrovnik,https://tripseuropa.com/destinos,redireccion_301
https://tripseuropa.com/destinos/edimburgo,/destinos/edimburgo,https://tripseuropa.com/destinos,redireccion_301
https://tripseuropa.com/destinos/estocolmo,/destinos/estocolmo,https://tripseuropa.com/destinos,redireccion_301
https://tripseuropa.com/destinos/finland,/destinos/finland,https://tripseuropa.com/destinos,redireccion_301
https://tripseuropa.com/destinos/florencia,/destinos/florencia,https://tripseuropa.com/destinos,redireccion_301
https://tripseuropa.com/destinos/france,/destinos/france,https://tripseuropa.com/destinos,redireccion_301
https://tripseuropa.com/destinos/germany,/destinos/germany,https://tripseuropa.com/destinos,redireccion_301
https://tripseuropa.com/destinos/greece,/destinos/greece,https://tripseuropa.com/destinos,redireccion_301
https://tripseuropa.com/destinos/helsinki,/destinos/helsinki,https://tripseuropa.com/destinos,redireccion_301
https://tripseuropa.com/destinos/hungary,/destinos/hungary,https://tripseuropa.com/destinos,redireccion_301
https://tripseuropa.com/destinos/ibiza,/destinos/ibiza,https://tripseuropa.com/destinos,redireccion_301
https://tripseuropa.com/destinos/iceland,/destinos/iceland,https://tripseuropa.com/destinos,redireccion_301
https://tripseuropa.com/destinos/ireland,/destinos/ireland,https://tripseuropa.com/destinos,redireccion_301
https://tripseuropa.com/destinos/italy,/destinos/italy,https://tripseuropa.com/destinos,redireccion_301
https://tripseuropa.com/destinos/lisboa,/destinos/lisboa,https://tripseuropa.com/destinos,redireccion_301
https://tripseuropa.com/destinos/londres,/destinos/londres,https://tripseuropa.com/destinos,redireccion_301
https://tripseuropa.com/destinos/madrid,/destinos/madrid,https://tripseuropa.com/destinos,redireccion_301
https://tripseuropa.com/destinos/malta,/destinos/malta,https://tripseuropa.com/destinos,redireccion_301
https://tripseuropa.com/destinos/milan,/destinos/milan,https://tripseuropa.com/destinos,redireccion_301
https://tripseuropa.com/destinos/munich,/destinos/munich,https://tripseuropa.com/destinos,redireccion_301
https://tripseuropa.com/destinos/mykonos,/destinos/mykonos,https://tripseuropa.com/destinos,redireccion_301
https://tripseuropa.com/destinos/netherlands,/destinos/netherlands,https://tripseuropa.com/destinos,redireccion_301
https://tripseuropa.com/destinos/niza,/destinos/niza,https://tripseuropa.com/destinos,redireccion_301
https://tripseuropa.com/destinos/norway,/destinos/norway,https://tripseuropa.com/destinos,redireccion_301
https://tripseuropa.com/destinos/oslo,/destinos/oslo,https://tripseuropa.com/destinos,redireccion_301
https://tripseuropa.com/destinos/paris,/destinos/paris,https://tripseuropa.com/destinos,redireccion_301
https://tripseuropa.com/destinos/poland,/destinos/poland,https://tripseuropa.com/destinos,redireccion_301
https://tripseuropa.com/destinos/porto,/destinos/porto,https://tripseuropa.com/destinos,redireccion_301
https://tripseuropa.com/destinos/portugal,/destinos/portugal,https://tripseuropa.com/destinos,redireccion_301
https://tripseuropa.com/destinos/praga,/destinos/praga,https://tripseuropa.com/destinos,redireccion_301
https://tripseuropa.com/destinos/reykjavik,/destinos/reykjavik,https://tripseuropa.com/destinos,redireccion_301
https://tripseuropa.com/destinos/roma,/destinos/roma,https://tripseuropa.com/destinos,redireccion_301
https://tripseuropa.com/destinos/romania,/destinos/romania,https://tripseuropa.com/destinos,redireccion_301
https://tripseuropa.com/destinos/santorini,/destinos/santorini,https://tripseuropa.com/destinos,redireccion_301
https://tripseuropa.com/destinos/scotland,/destinos/scotland,https://tripseuropa.com/destinos,redireccion_301
https://tripseuropa.com/destinos/sevilla,/destinos/sevilla,https://tripseuropa.com/destinos,redireccion_301
https://tripseuropa.com/destinos/spain,/destinos/spain,https://tripseuropa.com/destinos,redireccion_301
https://tripseuropa.com/destinos/split,/destinos/split,https://tripseuropa.com/destinos,redireccion_301
https://tripseuropa.com/destinos/sweden,/destinos/sweden,https://tripseuropa.com/destinos,redireccion_301
https://tripseuropa.com/destinos/switzerland,/destinos/switzerland,https://tripseuropa.com/destinos,redireccion_301
https://tripseuropa.com/destinos/united-kingdom,/destinos/united-kingdom,https://tripseuropa.com/destinos,redireccion_301
https://tripseuropa.com/destinos/varsovia,/destinos/varsovia,https://tripseuropa.com/destinos,redireccion_301
https://tripseuropa.com/destinos/venecia,/destinos/venecia,https://tripseuropa.com/destinos,redireccion_301
https://tripseuropa.com/destinos/viena,/destinos/viena,https://tripseuropa.com/destinos,redireccion_301
https://tripseuropa.com/destinos/zurich,/destinos/zurich,https://tripseuropa.com/destinos,redireccion_301
https://tripseuropa.com/ecuador,/ecuador,https://tripseuropa.com/,corregir_en_sitemap
https://tripseuropa.com/en-ar/destinations/albania,/en-ar/destinations/albania,https://tripseuropa.com/destinos,redireccion_301
https://tripseuropa.com/en-ar/destinations/austria,/en-ar/destinations/austria,https://tripseuropa.com/destinos,redireccion_301
https://tripseuropa.com/en-ar/destinations/baltics,/en-ar/destinations/baltics,https://tripseuropa.com/destinos,redireccion_301
https://tripseuropa.com/en-ar/destinations/belgium,/en-ar/destinations/belgium,https://tripseuropa.com/destinos,redireccion_301
https://tripseuropa.com/en-ar/destinations/croatia,/en-ar/destinations/croatia,https://tripseuropa.com/destinos,redireccion_301
https://tripseuropa.com/en-ar/destinations/cyprus,/en-ar/destinations/cyprus,https://tripseuropa.com/destinos,redireccion_301
https://tripseuropa.com/en-ar/destinations/czech-republic,/en-ar/destinations/czech-republic,https://tripseuropa.com/destinos,redireccion_301
https://tripseuropa.com/en-ar/destinations/denmark,/en-ar/destinations/denmark,https://tripseuropa.com/destinos,redireccion_301
https://tripseuropa.com/en-ar/destinations/finland,/en-ar/destinations/finland,https://tripseuropa.com/destinos,redireccion_301
https://tripseuropa.com/en-ar/destinations/france,/en-ar/destinations/france,https://tripseuropa.com/destinos,redireccion_301
https://tripseuropa.com/en-ar/destinations/germany,/en-ar/destinations/germany,https://tripseuropa.com/destinos,redireccion_301
https://tripseuropa.com/en-ar/destinations/greece,/en-ar/destinations/greece,https://tripseuropa.com/destinos,redireccion_301
https://tripseuropa.com/en-ar/destinations/hungary,/en-ar/destinations/hungary,https://tripseuropa.com/destinos,redireccion_301
https://tripseuropa.com/en-ar/destinations/iceland,/en-ar/destinations/iceland,https://tripseuropa.com/destinos,redireccion_301
https://tripseuropa.com/en-ar/destinations/ireland,/en-ar/destinations/ireland,https://tripseuropa.com/destinos,redireccion_301
https://tripseuropa.com/en-ar/destinations/italy,/en-ar/destinations/italy,https://tripseuropa.com/destinos,redireccion_301
https://tripseuropa.com/en-ar/destinations/malta,/en-ar/destinations/malta,https://tripseuropa.com/destinos,redireccion_301
https://tripseuropa.com/en-ar/destinations/netherlands,/en-ar/destinations/netherlands,https://tripseuropa.com/destinos,redireccion_301
https://tripseuropa.com/en-ar/destinations/norway,/en-ar/destinations/norway,https://tripseuropa.com/destinos,redireccion_301
https://tripseuropa.com/en-ar/destinations/poland,/en-ar/destinations/poland,https://tripseuropa.com/destinos,redireccion_301
https://tripseuropa.com/en-ar/destinations/portugal,/en-ar/destinations/portugal,https://tripseuropa.com/destinos,redireccion_301
https://tripseuropa.com/en-ar/destinations/romania,/en-ar/destinations/romania,https://tripseuropa.com/destinos,redireccion_301
https://tripseuropa.com/en-ar/destinations/scotland,/en-ar/destinations/scotland,https://tripseuropa.com/destinos,redireccion_301
https://tripseuropa.com/en-ar/destinations/spain,/en-ar/destinations/spain,https://tripseuropa.com/destinos,redireccion_301
https://tripseuropa.com/en-ar/destinations/sweden,/en-ar/destinations/sweden,https://tripseuropa.com/destinos,redireccion_301
https://tripseuropa.com/en-ar/destinations/switzerland,/en-ar/destinations/switzerland,https://tripseuropa.com/destinos,redireccion_301
https://tripseuropa.com/en-ar/destinations/united-kingdom,/en-ar/destinations/united-kingdom,https://tripseuropa.com/destinos,redireccion_301
https://tripseuropa.com/en-ar/experiences/año-nuevo-europa,/en-ar/experiences/año-nuevo-europa,https://tripseuropa.com/experiencias,redireccion_301
https://tripseuropa.com/en-br,/en-br,https://tripseuropa.com/,corregir_en_sitemap
https://tripseuropa.com/en-br/,/en-br/,https://tripseuropa.com/,corregir_en_sitemap
https://tripseuropa.com/en-br/blog,/en-br/blog,https://tripseuropa.com/,corregir_en_sitemap
https://tripseuropa.com/en-br/contact,/en-br/contact,https://tripseuropa.com/,corregir_en_sitemap
https://tripseuropa.com/en-br/destinations,/en-br/destinations,https://tripseuropa.com/,corregir_en_sitemap
https://tripseuropa.com/en-br/destinations/albania,/en-br/destinations/albania,https://tripseuropa.com/destinos,redireccion_301
https://tripseuropa.com/en-br/destinations/austria,/en-br/destinations/austria,https://tripseuropa.com/destinos,redireccion_301
https://tripseuropa.com/en-br/destinations/baltics,/en-br/destinations/baltics,https://tripseuropa.com/destinos,redireccion_301
https://tripseuropa.com/en-br/destinations/belgium,/en-br/destinations/belgium,https://tripseuropa.com/destinos,redireccion_301
https://tripseuropa.com/en-br/destinations/croatia,/en-br/destinations/croatia,https://tripseuropa.com/destinos,redireccion_301
https://tripseuropa.com/en-br/destinations/cyprus,/en-br/destinations/cyprus,https://tripseuropa.com/destinos,redireccion_301
https://tripseuropa.com/en-br/destinations/czech-republic,/en-br/destinations/czech-republic,https://tripseuropa.com/destinos,redireccion_301
https://tripseuropa.com/en-br/destinations/denmark,/en-br/destinations/denmark,https://tripseuropa.com/destinos,redireccion_301
https://tripseuropa.com/en-br/destinations/finland,/en-br/destinations/finland,https://tripseuropa.com/destinos,redireccion_301
https://tripseuropa.com/en-br/destinations/france,/en-br/destinations/france,https://tripseuropa.com/destinos,redireccion_301
https://tripseuropa.com/en-br/destinations/germany,/en-br/destinations/germany,https://tripseuropa.com/destinos,redireccion_301
https://tripseuropa.com/en-br/destinations/greece,/en-br/destinations/greece,https://tripseuropa.com/destinos,redireccion_301
https://tripseuropa.com/en-br/destinations/hungary,/en-br/destinations/hungary,https://tripseuropa.com/destinos,redireccion_301
https://tripseuropa.com/en-br/destinations/iceland,/en-br/destinations/iceland,https://tripseuropa.com/destinos,redireccion_301
https://tripseuropa.com/en-br/destinations/ireland,/en-br/destinations/ireland,https://tripseuropa.com/destinos,redireccion_301
https://tripseuropa.com/en-br/destinations/italy,/en-br/destinations/italy,https://tripseuropa.com/destinos,redireccion_301
https://tripseuropa.com/en-br/destinations/malta,/en-br/destinations/malta,https://tripseuropa.com/destinos,redireccion_301
https://tripseuropa.com/en-br/destinations/netherlands,/en-br/destinations/netherlands,https://tripseuropa.com/destinos,redireccion_301
https://tripseuropa.com/en-br/destinations/norway,/en-br/destinations/norway,https://tripseuropa.com/destinos,redireccion_301
https://tripseuropa.com/en-br/destinations/poland,/en-br/destinations/poland,https://tripseuropa.com/destinos,redireccion_301
https://tripseuropa.com/en-br/destinations/portugal,/en-br/destinations/portugal,https://tripseuropa.com/destinos,redireccion_301
https://tripseuropa.com/en-br/destinations/romania,/en-br/destinations/romania,https://tripseuropa.com/destinos,redireccion_301
https://tripseuropa.com/en-br/destinations/scotland,/en-br/destinations/scotland,https://tripseuropa.com/destinos,redireccion_301
https://tripseuropa.com/en-br/destinations/spain,/en-br/destinations/spain,https://tripseuropa.com/destinos,redireccion_301
https://tripseuropa.com/en-br/destinations/sweden,/en-br/destinations/sweden,https://tripseuropa.com/destinos,redireccion_301
https://tripseuropa.com/en-br/destinations/switzerland,/en-br/destinations/switzerland,https://tripseuropa.com/destinos,redireccion_301
https://tripseuropa.com/en-br/destinations/united-kingdom,/en-br/destinations/united-kingdom,https://tripseuropa.com/destinos,redireccion_301
https://tripseuropa.com/en-br/experiences/arte-cultura,/en-br/experiences/arte-cultura,https://tripseuropa.com/experiencias,redireccion_301
https://tripseuropa.com/en-br/experiences/aventura-naturaleza,/en-br/experiences/aventura-naturaleza,https://tripseuropa.com/experiencias,redireccion_301
https://tripseuropa.com/en-br/experiences/año-nuevo-europa,/en-br/experiences/año-nuevo-europa,https://tripseuropa.com/experiencias,redireccion_301
https://tripseuropa.com/en-br/experiences/ciudades-historicas,/en-br/experiences/ciudades-historicas,https://tripseuropa.com/experiencias,redireccion_301
https://tripseuropa.com/en-br/experiences/gastronomia-europa,/en-br/experiences/gastronomia-europa,https://tripseuropa.com/experiencias,redireccion_301
https://tripseuropa.com/en-br/experiences/invierno-europa,/en-br/experiences/invierno-europa,https://tripseuropa.com/experiencias,redireccion_301
https://tripseuropa.com/en-br/experiences/navidad-europa,/en-br/experiences/navidad-europa,https://tripseuropa.com/experiencias,redireccion_301
https://tripseuropa.com/en-br/experiences/otono-europa,/en-br/experiences/otono-europa,https://tripseuropa.com/experiencias,redireccion_301
https://tripseuropa.com/en-br/experiences/primavera-europa,/en-br/experiences/primavera-europa,https://tripseuropa.com/experiencias,redireccion_301
https://tripseuropa.com/en-br/experiences/verano-europa,/en-br/experiences/verano-europa,https://tripseuropa.com/experiencias,redireccion_301
https://tripseuropa.com/en-br/family-trip-europe,/en-br/family-trip-europe,https://tripseuropa.com/,corregir_en_sitemap
https://tripseuropa.com/en-br/packages,/en-br/packages,https://tripseuropa.com/,corregir_en_sitemap
https://tripseuropa.com/en-br/packages/capitales-europeas,/en-br/packages/capitales-europeas,https://tripseuropa.com/paquetes,redireccion_301
https://tripseuropa.com/en-br/packages/europa-10-dias,/en-br/packages/europa-10-dias,https://tripseuropa.com/paquetes,redireccion_301
https://tripseuropa.com/en-br/packages/europa-15-dias,/en-br/packages/europa-15-dias,https://tripseuropa.com/paquetes,redireccion_301
https://tripseuropa.com/en-br/packages/europa-21-dias,/en-br/packages/europa-21-dias,https://tripseuropa.com/paquetes,redireccion_301
https://tripseuropa.com/en-br/packages/europa-7-dias,/en-br/packages/europa-7-dias,https://tripseuropa.com/paquetes,redireccion_301
https://tripseuropa.com/en-br/packages/europa-clasica,/en-br/packages/europa-clasica,https://tripseuropa.com/paquetes,redireccion_301
https://tripseuropa.com/en-br/packages/europa-express,/en-br/packages/europa-express,https://tripseuropa.com/paquetes,redireccion_301
https://tripseuropa.com/en-br/packages/europa-oriental,/en-br/packages/europa-oriental,https://tripseuropa.com/paquetes,redireccion_301
https://tripseuropa.com/en-br/packages/familia-europa,/en-br/packages/familia-europa,https://tripseuropa.com/paquetes,redireccion_301
https://tripseuropa.com/en-br/packages/luna-de-miel,/en-br/packages/luna-de-miel,https://tripseuropa.com/paquetes,redireccion_301
https://tripseuropa.com/en-br/packages/norte-europa,/en-br/packages/norte-europa,https://tripseuropa.com/paquetes,redireccion_301
https://tripseuropa.com/en-br/packages/tour-mediterraeo,/en-br/packages/tour-mediterraeo,https://tripseuropa.com/paquetes,redireccion_301
https://tripseuropa.com/en-br/travel-insurance-europe,/en-br/travel-insurance-europe,https://tripseuropa.com/,corregir_en_sitemap
https://tripseuropa.com/en-co/destinations/albania,/en-co/destinations/albania,https://tripseuropa.com/destinos,redireccion_301
https://tripseuropa.com/en-co/destinations/austria,/en-co/destinations/austria,https://tripseuropa.com/destinos,redireccion_301
https://tripseuropa.com/en-co/destinations/baltics,/en-co/destinations/baltics,https://tripseuropa.com/destinos,redireccion_301
https://tripseuropa.com/en-co/destinations/belgium,/en-co/destinations/belgium,https://tripseuropa.com/destinos,redireccion_301
https://tripseuropa.com/en-co/destinations/croatia,/en-co/destinations/croatia,https://tripseuropa.com/destinos,redireccion_301
https://tripseuropa.com/en-co/destinations/cyprus,/en-co/destinations/cyprus,https://tripseuropa.com/destinos,redireccion_301
https://tripseuropa.com/en-co/destinations/czech-republic,/en-co/destinations/czech-republic,https://tripseuropa.com/destinos,redireccion_301
https://tripseuropa.com/en-co/destinations/denmark,/en-co/destinations/denmark,https://tripseuropa.com/destinos,redireccion_301
https://tripseuropa.com/en-co/destinations/finland,/en-co/destinations/finland,https://tripseuropa.com/destinos,redireccion_301
https://tripseuropa.com/en-co/destinations/france,/en-co/destinations/france,https://tripseuropa.com/destinos,redireccion_301
https://tripseuropa.com/en-co/destinations/germany,/en-co/destinations/germany,https://tripseuropa.com/destinos,redireccion_301
https://tripseuropa.com/en-co/destinations/greece,/en-co/destinations/greece,https://tripseuropa.com/destinos,redireccion_301
https://tripseuropa.com/en-co/destinations/hungary,/en-co/destinations/hungary,https://tripseuropa.com/destinos,redireccion_301
https://tripseuropa.com/en-co/destinations/iceland,/en-co/destinations/iceland,https://tripseuropa.com/destinos,redireccion_301
https://tripseuropa.com/en-co/destinations/ireland,/en-co/destinations/ireland,https://tripseuropa.com/destinos,redireccion_301
https://tripseuropa.com/en-co/destinations/italy,/en-co/destinations/italy,https://tripseuropa.com/destinos,redireccion_301
https://tripseuropa.com/en-co/destinations/malta,/en-co/destinations/malta,https://tripseuropa.com/destinos,redireccion_301
https://tripseuropa.com/en-co/destinations/netherlands,/en-co/destinations/netherlands,https://tripseuropa.com/destinos,redireccion_301
https://tripseuropa.com/en-co/destinations/norway,/en-co/destinations/norway,https://tripseuropa.com/destinos,redireccion_301
https://tripseuropa.com/en-co/destinations/poland,/en-co/destinations/poland,https://tripseuropa.com/destinos,redireccion_301
https://tripseuropa.com/en-co/destinations/portugal,/en-co/destinations/portugal,https://tripseuropa.com/destinos,redireccion_301
https://tripseuropa.com/en-co/destinations/romania,/en-co/destinations/romania,https://tripseuropa.com/destinos,redireccion_301
https://tripseuropa.com/en-co/destinations/scotland,/en-co/destinations/scotland,https://tripseuropa.com/destinos,redireccion_301
https://tripseuropa.com/en-co/destinations/spain,/en-co/destinations/spain,https://tripseuropa.com/destinos,redireccion_301
https://tripseuropa.com/en-co/destinations/sweden,/en-co/destinations/sweden,https://tripseuropa.com/destinos,redireccion_301
https://tripseuropa.com/en-co/destinations/switzerland,/en-co/destinations/switzerland,https://tripseuropa.com/destinos,redireccion_301
https://tripseuropa.com/en-co/destinations/united-kingdom,/en-co/destinations/united-kingdom,https://tripseuropa.com/destinos,redireccion_301
https://tripseuropa.com/en-co/experiences/año-nuevo-europa,/en-co/experiences/año-nuevo-europa,https://tripseuropa.com/experiencias,redireccion_301
https://tripseuropa.com/en-mx/destinations/albania,/en-mx/destinations/albania,https://tripseuropa.com/destinos,redireccion_301
https://tripseuropa.com/en-mx/destinations/austria,/en-mx/destinations/austria,https://tripseuropa.com/destinos,redireccion_301
https://tripseuropa.com/en-mx/destinations/baltics,/en-mx/destinations/baltics,https://tripseuropa.com/destinos,redireccion_301
https://tripseuropa.com/en-mx/destinations/belgium,/en-mx/destinations/belgium,https://tripseuropa.com/destinos,redireccion_301
https://tripseuropa.com/en-mx/destinations/croatia,/en-mx/destinations/croatia,https://tripseuropa.com/destinos,redireccion_301
https://tripseuropa.com/en-mx/destinations/cyprus,/en-mx/destinations/cyprus,https://tripseuropa.com/destinos,redireccion_301
https://tripseuropa.com/en-mx/destinations/czech-republic,/en-mx/destinations/czech-republic,https://tripseuropa.com/destinos,redireccion_301
https://tripseuropa.com/en-mx/destinations/denmark,/en-mx/destinations/denmark,https://tripseuropa.com/destinos,redireccion_301
https://tripseuropa.com/en-mx/destinations/finland,/en-mx/destinations/finland,https://tripseuropa.com/destinos,redireccion_301
https://tripseuropa.com/en-mx/destinations/france,/en-mx/destinations/france,https://tripseuropa.com/destinos,redireccion_301
https://tripseuropa.com/en-mx/destinations/germany,/en-mx/destinations/germany,https://tripseuropa.com/destinos,redireccion_301
https://tripseuropa.com/en-mx/destinations/greece,/en-mx/destinations/greece,https://tripseuropa.com/destinos,redireccion_301
https://tripseuropa.com/en-mx/destinations/hungary,/en-mx/destinations/hungary,https://tripseuropa.com/destinos,redireccion_301
https://tripseuropa.com/en-mx/destinations/iceland,/en-mx/destinations/iceland,https://tripseuropa.com/destinos,redireccion_301
https://tripseuropa.com/en-mx/destinations/ireland,/en-mx/destinations/ireland,https://tripseuropa.com/destinos,redireccion_301
https://tripseuropa.com/en-mx/destinations/italy,/en-mx/destinations/italy,https://tripseuropa.com/destinos,redireccion_301
https://tripseuropa.com/en-mx/destinations/malta,/en-mx/destinations/malta,https://tripseuropa.com/destinos,redireccion_301
https://tripseuropa.com/en-mx/destinations/netherlands,/en-mx/destinations/netherlands,https://tripseuropa.com/destinos,redireccion_301
https://tripseuropa.com/en-mx/destinations/norway,/en-mx/destinations/norway,https://tripseuropa.com/destinos,redireccion_301
https://tripseuropa.com/en-mx/destinations/poland,/en-mx/destinations/poland,https://tripseuropa.com/destinos,redireccion_301
https://tripseuropa.com/en-mx/destinations/portugal,/en-mx/destinations/portugal,https://tripseuropa.com/destinos,redireccion_301
https://tripseuropa.com/en-mx/destinations/romania,/en-mx/destinations/romania,https://tripseuropa.com/destinos,redireccion_301
https://tripseuropa.com/en-mx/destinations/scotland,/en-mx/destinations/scotland,https://tripseuropa.com/destinos,redireccion_301
https://tripseuropa.com/en-mx/destinations/spain,/en-mx/destinations/spain,https://tripseuropa.com/destinos,redireccion_301
https://tripseuropa.com/en-mx/destinations/sweden,/en-mx/destinations/sweden,https://tripseuropa.com/destinos,redireccion_301
https://tripseuropa.com/en-mx/destinations/switzerland,/en-mx/destinations/switzerland,https://tripseuropa.com/destinos,redireccion_301
https://tripseuropa.com/en-mx/destinations/united-kingdom,/en-mx/destinations/united-kingdom,https://tripseuropa.com/destinos,redireccion_301
https://tripseuropa.com/en-mx/experiences/año-nuevo-europa,/en-mx/experiences/año-nuevo-europa,https://tripseuropa.com/experiencias,redireccion_301
https://tripseuropa.com/en/destinations/croatia,/en/destinations/croatia,https://tripseuropa.com/destinos,redireccion_301
https://tripseuropa.com/en/destinations/france,/en/destinations/france,https://tripseuropa.com/destinos,redireccion_301
https://tripseuropa.com/en/destinations/germany,/en/destinations/germany,https://tripseuropa.com/destinos,redireccion_301
https://tripseuropa.com/en/destinations/greece,/en/destinations/greece,https://tripseuropa.com/destinos,redireccion_301
https://tripseuropa.com/en/destinations/italy,/en/destinations/italy,https://tripseuropa.com/destinos,redireccion_301
https://tripseuropa.com/en/destinations/netherlands,/en/destinations/netherlands,https://tripseuropa.com/destinos,redireccion_301
https://tripseuropa.com/en/destinations/portugal,/en/destinations/portugal,https://tripseuropa.com/destinos,redireccion_301
https://tripseuropa.com/en/destinations/spain,/en/destinations/spain,https://tripseuropa.com/destinos,redireccion_301
https://tripseuropa.com/en/destinations/switzerland,/en/destinations/switzerland,https://tripseuropa.com/destinos,redireccion_301
https://tripseuropa.com/en/destinations/united-kingdom,/en/destinations/united-kingdom,https://tripseuropa.com/destinos,redireccion_301
https://tripseuropa.com/es-ar/destinos/albania,/es-ar/destinos/albania,https://tripseuropa.com/destinos,redireccion_301
https://tripseuropa.com/es-ar/destinos/austria,/es-ar/destinos/austria,https://tripseuropa.com/destinos,redireccion_301
https://tripseuropa.com/es-ar/destinos/baltics,/es-ar/destinos/baltics,https://tripseuropa.com/destinos,redireccion_301
https://tripseuropa.com/es-ar/destinos/belgium,/es-ar/destinos/belgium,https://tripseuropa.com/destinos,redireccion_301
https://tripseuropa.com/es-ar/destinos/croatia,/es-ar/destinos/croatia,https://tripseuropa.com/destinos,redireccion_301
https://tripseuropa.com/es-ar/destinos/cyprus,/es-ar/destinos/cyprus,https://tripseuropa.com/destinos,redireccion_301
https://tripseuropa.com/es-ar/destinos/czech-republic,/es-ar/destinos/czech-republic,https://tripseuropa.com/destinos,redireccion_301
https://tripseuropa.com/es-ar/destinos/denmark,/es-ar/destinos/denmark,https://tripseuropa.com/destinos,redireccion_301
https://tripseuropa.com/es-ar/destinos/finland,/es-ar/destinos/finland,https://tripseuropa.com/destinos,redireccion_301
https://tripseuropa.com/es-ar/destinos/france,/es-ar/destinos/france,https://tripseuropa.com/destinos,redireccion_301
https://tripseuropa.com/es-ar/destinos/germany,/es-ar/destinos/germany,https://tripseuropa.com/destinos,redireccion_301
https://tripseuropa.com/es-ar/destinos/greece,/es-ar/destinos/greece,https://tripseuropa.com/destinos,redireccion_301
https://tripseuropa.com/es-ar/destinos/hungary,/es-ar/destinos/hungary,https://tripseuropa.com/destinos,redireccion_301
https://tripseuropa.com/es-ar/destinos/iceland,/es-ar/destinos/iceland,https://tripseuropa.com/destinos,redireccion_301
https://tripseuropa.com/es-ar/destinos/ireland,/es-ar/destinos/ireland,https://tripseuropa.com/destinos,redireccion_301
https://tripseuropa.com/es-ar/destinos/italy,/es-ar/destinos/italy,https://tripseuropa.com/destinos,redireccion_301
https://tripseuropa.com/es-ar/destinos/malta,/es-ar/destinos/malta,https://tripseuropa.com/destinos,redireccion_301
https://tripseuropa.com/es-ar/destinos/netherlands,/es-ar/destinos/netherlands,https://tripseuropa.com/destinos,redireccion_301
https://tripseuropa.com/es-ar/destinos/norway,/es-ar/destinos/norway,https://tripseuropa.com/destinos,redireccion_301
https://tripseuropa.com/es-ar/destinos/poland,/es-ar/destinos/poland,https://tripseuropa.com/destinos,redireccion_301
https://tripseuropa.com/es-ar/destinos/portugal,/es-ar/destinos/portugal,https://tripseuropa.com/destinos,redireccion_301
https://tripseuropa.com/es-ar/destinos/romania,/es-ar/destinos/romania,https://tripseuropa.com/destinos,redireccion_301
https://tripseuropa.com/es-ar/destinos/scotland,/es-ar/destinos/scotland,https://tripseuropa.com/destinos,redireccion_301
https://tripseuropa.com/es-ar/destinos/spain,/es-ar/destinos/spain,https://tripseuropa.com/destinos,redireccion_301
https://tripseuropa.com/es-ar/destinos/sweden,/es-ar/destinos/sweden,https://tripseuropa.com/destinos,redireccion_301
https://tripseuropa.com/es-ar/destinos/switzerland,/es-ar/destinos/switzerland,https://tripseuropa.com/destinos,redireccion_301
https://tripseuropa.com/es-ar/destinos/united-kingdom,/es-ar/destinos/united-kingdom,https://tripseuropa.com/destinos,redireccion_301
https://tripseuropa.com/es-ar/experiencias/año-nuevo-europa,/es-ar/experiencias/año-nuevo-europa,https://tripseuropa.com/experiencias,redireccion_301
https://tripseuropa.com/es-ar/ofertas/black-friday,/es-ar/ofertas/black-friday,https://tripseuropa.com/ofertas,redireccion_301
https://tripseuropa.com/es-ar/ofertas/cyber-monday,/es-ar/ofertas/cyber-monday,https://tripseuropa.com/ofertas,redireccion_301
https://tripseuropa.com/es-ar/ofertas/ofertas-invierno,/es-ar/ofertas/ofertas-invierno,https://tripseuropa.com/ofertas,redireccion_301
https://tripseuropa.com/es-ar/ofertas/ofertas-ultima-hora,/es-ar/ofertas/ofertas-ultima-hora,https://tripseuropa.com/ofertas,redireccion_301
https://tripseuropa.com/es-ar/ofertas/ofertas-verano,/es-ar/ofertas/ofertas-verano,https://tripseuropa.com/ofertas,redireccion_301
https://tripseuropa.com/es-ar/ofertas/promociones-especiales,/es-ar/ofertas/promociones-especiales,https://tripseuropa.com/ofertas,redireccion_301
https://tripseuropa.com/es-co/destinos/albania,/es-co/destinos/albania,https://tripseuropa.com/destinos,redireccion_301
https://tripseuropa.com/es-co/destinos/austria,/es-co/destinos/austria,https://tripseuropa.com/destinos,redireccion_301
https://tripseuropa.com/es-co/destinos/baltics,/es-co/destinos/baltics,https://tripseuropa.com/destinos,redireccion_301
https://tripseuropa.com/es-co/destinos/belgium,/es-co/destinos/belgium,https://tripseuropa.com/destinos,redireccion_301
https://tripseuropa.com/es-co/destinos/croatia,/es-co/destinos/croatia,https://tripseuropa.com/destinos,redireccion_301
https://tripseuropa.com/es-co/destinos/cyprus,/es-co/destinos/cyprus,https://tripseuropa.com/destinos,redireccion_301
https://tripseuropa.com/es-co/destinos/czech-republic,/es-co/destinos/czech-republic,https://tripseuropa.com/destinos,redireccion_301
https://tripseuropa.com/es-co/destinos/denmark,/es-co/destinos/denmark,https://tripseuropa.com/destinos,redireccion_301
https://tripseuropa.com/es-co/destinos/finland,/es-co/destinos/finland,https://tripseuropa.com/destinos,redireccion_301
https://tripseuropa.com/es-co/destinos/france,/es-co/destinos/france,https://tripseuropa.com/destinos,redireccion_301
https://tripseuropa.com/es-co/destinos/germany,/es-co/destinos/germany,https://tripseuropa.com/destinos,redireccion_301
https://tripseuropa.com/es-co/destinos/greece,/es-co/destinos/greece,https://tripseuropa.com/destinos,redireccion_301
https://tripseuropa.com/es-co/destinos/hungary,/es-co/destinos/hungary,https://tripseuropa.com/destinos,redireccion_301
https://tripseuropa.com/es-co/destinos/iceland,/es-co/destinos/iceland,https://tripseuropa.com/destinos,redireccion_301
https://tripseuropa.com/es-co/destinos/ireland,/es-co/destinos/ireland,https://tripseuropa.com/destinos,redireccion_301
https://tripseuropa.com/es-co/destinos/italy,/es-co/destinos/italy,https://tripseuropa.com/destinos,redireccion_301
https://tripseuropa.com/es-co/destinos/malta,/es-co/destinos/malta,https://tripseuropa.com/destinos,redireccion_301
https://tripseuropa.com/es-co/destinos/netherlands,/es-co/destinos/netherlands,https://tripseuropa.com/destinos,redireccion_301
https://tripseuropa.com/es-co/destinos/norway,/es-co/destinos/norway,https://tripseuropa.com/destinos,redireccion_301
https://tripseuropa.com/es-co/destinos/poland,/es-co/destinos/poland,https://tripseuropa.com/destinos,redireccion_301
https://tripseuropa.com/es-co/destinos/portugal,/es-co/destinos/portugal,https://tripseuropa.com/destinos,redireccion_301
https://tripseuropa.com/es-co/destinos/romania,/es-co/destinos/romania,https://tripseuropa.com/destinos,redireccion_301
https://tripseuropa.com/es-co/destinos/scotland,/es-co/destinos/scotland,https://tripseuropa.com/destinos,redireccion_301
https://tripseuropa.com/es-co/destinos/spain,/es-co/destinos/spain,https://tripseuropa.com/destinos,redireccion_301
https://tripseuropa.com/es-co/destinos/sweden,/es-co/destinos/sweden,https://tripseuropa.com/destinos,redireccion_301
https://tripseuropa.com/es-co/destinos/switzerland,/es-co/destinos/switzerland,https://tripseuropa.com/destinos,redireccion_301
https://tripseuropa.com/es-co/destinos/united-kingdom,/es-co/destinos/united-kingdom,https://tripseuropa.com/destinos,redireccion_301
https://tripseuropa.com/es-co/experiencias/año-nuevo-europa,/es-co/experiencias/año-nuevo-europa,https://tripseuropa.com/experiencias,redireccion_301
https://tripseuropa.com/es-co/ofertas/black-friday,/es-co/ofertas/black-friday,https://tripseuropa.com/ofertas,redireccion_301
https://tripseuropa.com/es-co/ofertas/cyber-monday,/es-co/ofertas/cyber-monday,https://tripseuropa.com/ofertas,redireccion_301
https://tripseuropa.com/es-co/ofertas/ofertas-invierno,/es-co/ofertas/ofertas-invierno,https://tripseuropa.com/ofertas,redireccion_301
https://tripseuropa.com/es-co/ofertas/ofertas-ultima-hora,/es-co/ofertas/ofertas-ultima-hora,https://tripseuropa.com/ofertas,redireccion_301
https://tripseuropa.com/es-co/ofertas/ofertas-verano,/es-co/ofertas/ofertas-verano,https://tripseuropa.com/ofertas,redireccion_301
https://tripseuropa.com/es-co/ofertas/promociones-especiales,/es-co/ofertas/promociones-especiales,https://tripseuropa.com/ofertas,redireccion_301
https://tripseuropa.com/es-cr/destinos/albania,/es-cr/destinos/albania,https://tripseuropa.com/destinos,redireccion_301
https://tripseuropa.com/es-cr/destinos/austria,/es-cr/destinos/austria,https://tripseuropa.com/destinos,redireccion_301
https://tripseuropa.com/es-cr/destinos/baltics,/es-cr/destinos/baltics,https://tripseuropa.com/destinos,redireccion_301
https://tripseuropa.com/es-cr/destinos/belgium,/es-cr/destinos/belgium,https://tripseuropa.com/destinos,redireccion_301
https://tripseuropa.com/es-cr/destinos/croatia,/es-cr/destinos/croatia,https://tripseuropa.com/destinos,redireccion_301
https://tripseuropa.com/es-cr/destinos/cyprus,/es-cr/destinos/cyprus,https://tripseuropa.com/destinos,redireccion_301
https://tripseuropa.com/es-cr/destinos/czech-republic,/es-cr/destinos/czech-republic,https://tripseuropa.com/destinos,redireccion_301
https://tripseuropa.com/es-cr/destinos/denmark,/es-cr/destinos/denmark,https://tripseuropa.com/destinos,redireccion_301
https://tripseuropa.com/es-cr/destinos/finland,/es-cr/destinos/finland,https://tripseuropa.com/destinos,redireccion_301
https://tripseuropa.com/es-cr/destinos/france,/es-cr/destinos/france,https://tripseuropa.com/destinos,redireccion_301
https://tripseuropa.com/es-cr/destinos/germany,/es-cr/destinos/germany,https://tripseuropa.com/destinos,redireccion_301
https://tripseuropa.com/es-cr/destinos/greece,/es-cr/destinos/greece,https://tripseuropa.com/destinos,redireccion_301
https://tripseuropa.com/es-cr/destinos/hungary,/es-cr/destinos/hungary,https://tripseuropa.com/destinos,redireccion_301
https://tripseuropa.com/es-cr/destinos/iceland,/es-cr/destinos/iceland,https://tripseuropa.com/destinos,redireccion_301
https://tripseuropa.com/es-cr/destinos/ireland,/es-cr/destinos/ireland,https://tripseuropa.com/destinos,redireccion_301
https://tripseuropa.com/es-cr/destinos/italy,/es-cr/destinos/italy,https://tripseuropa.com/destinos,redireccion_301
https://tripseuropa.com/es-cr/destinos/malta,/es-cr/destinos/malta,https://tripseuropa.com/destinos,redireccion_301
https://tripseuropa.com/es-cr/destinos/netherlands,/es-cr/destinos/netherlands,https://tripseuropa.com/destinos,redireccion_301
https://tripseuropa.com/es-cr/destinos/norway,/es-cr/destinos/norway,https://tripseuropa.com/destinos,redireccion_301
https://tripseuropa.com/es-cr/destinos/poland,/es-cr/destinos/poland,https://tripseuropa.com/destinos,redireccion_301
https://tripseuropa.com/es-cr/destinos/portugal,/es-cr/destinos/portugal,https://tripseuropa.com/destinos,redireccion_301
https://tripseuropa.com/es-cr/destinos/romania,/es-cr/destinos/romania,https://tripseuropa.com/destinos,redireccion_301
https://tripseuropa.com/es-cr/destinos/scotland,/es-cr/destinos/scotland,https://tripseuropa.com/destinos,redireccion_301
https://tripseuropa.com/es-cr/destinos/spain,/es-cr/destinos/spain,https://tripseuropa.com/destinos,redireccion_301
https://tripseuropa.com/es-cr/destinos/sweden,/es-cr/destinos/sweden,https://tripseuropa.com/destinos,redireccion_301
https://tripseuropa.com/es-cr/destinos/switzerland,/es-cr/destinos/switzerland,https://tripseuropa.com/destinos,redireccion_301
https://tripseuropa.com/es-cr/destinos/united-kingdom,/es-cr/destinos/united-kingdom,https://tripseuropa.com/destinos,redireccion_301
https://tripseuropa.com/es-cr/experiencias/año-nuevo-europa,/es-cr/experiencias/año-nuevo-europa,https://tripseuropa.com/experiencias,redireccion_301
https://tripseuropa.com/es-cr/ofertas/black-friday,/es-cr/ofertas/black-friday,https://tripseuropa.com/ofertas,redireccion_301
https://tripseuropa.com/es-cr/ofertas/cyber-monday,/es-cr/ofertas/cyber-monday,https://tripseuropa.com/ofertas,redireccion_301
https://tripseuropa.com/es-cr/ofertas/ofertas-invierno,/es-cr/ofertas/ofertas-invierno,https://tripseuropa.com/ofertas,redireccion_301
https://tripseuropa.com/es-cr/ofertas/ofertas-ultima-hora,/es-cr/ofertas/ofertas-ultima-hora,https://tripseuropa.com/ofertas,redireccion_301
https://tripseuropa.com/es-cr/ofertas/ofertas-verano,/es-cr/ofertas/ofertas-verano,https://tripseuropa.com/ofertas,redireccion_301
https://tripseuropa.com/es-cr/ofertas/promociones-especiales,/es-cr/ofertas/promociones-especiales,https://tripseuropa.com/ofertas,redireccion_301
https://tripseuropa.com/es-do/destinos/albania,/es-do/destinos/albania,https://tripseuropa.com/destinos,redireccion_301
https://tripseuropa.com/es-do/destinos/austria,/es-do/destinos/austria,https://tripseuropa.com/destinos,redireccion_301
https://tripseuropa.com/es-do/destinos/baltics,/es-do/destinos/baltics,https://tripseuropa.com/destinos,redireccion_301
https://tripseuropa.com/es-do/destinos/belgium,/es-do/destinos/belgium,https://tripseuropa.com/destinos,redireccion_301
https://tripseuropa.com/es-do/destinos/croatia,/es-do/destinos/croatia,https://tripseuropa.com/destinos,redireccion_301
https://tripseuropa.com/es-do/destinos/cyprus,/es-do/destinos/cyprus,https://tripseuropa.com/destinos,redireccion_301
https://tripseuropa.com/es-do/destinos/czech-republic,/es-do/destinos/czech-republic,https://tripseuropa.com/destinos,redireccion_301
https://tripseuropa.com/es-do/destinos/denmark,/es-do/destinos/denmark,https://tripseuropa.com/destinos,redireccion_301
https://tripseuropa.com/es-do/destinos/finland,/es-do/destinos/finland,https://tripseuropa.com/destinos,redireccion_301
https://tripseuropa.com/es-do/destinos/france,/es-do/destinos/france,https://tripseuropa.com/destinos,redireccion_301
https://tripseuropa.com/es-do/destinos/germany,/es-do/destinos/germany,https://tripseuropa.com/destinos,redireccion_301
https://tripseuropa.com/es-do/destinos/greece,/es-do/destinos/greece,https://tripseuropa.com/destinos,redireccion_301
https://tripseuropa.com/es-do/destinos/hungary,/es-do/destinos/hungary,https://tripseuropa.com/destinos,redireccion_301
https://tripseuropa.com/es-do/destinos/iceland,/es-do/destinos/iceland,https://tripseuropa.com/destinos,redireccion_301
https://tripseuropa.com/es-do/destinos/ireland,/es-do/destinos/ireland,https://tripseuropa.com/destinos,redireccion_301
https://tripseuropa.com/es-do/destinos/italy,/es-do/destinos/italy,https://tripseuropa.com/destinos,redireccion_301
https://tripseuropa.com/es-do/destinos/malta,/es-do/destinos/malta,https://tripseuropa.com/destinos,redireccion_301
https://tripseuropa.com/es-do/destinos/netherlands,/es-do/destinos/netherlands,https://tripseuropa.com/destinos,redireccion_301
https://tripseuropa.com/es-do/destinos/norway,/es-do/destinos/norway,https://tripseuropa.com/destinos,redireccion_301
https://tripseuropa.com/es-do/destinos/poland,/es-do/destinos/poland,https://tripseuropa.com/destinos,redireccion_301
https://tripseuropa.com/es-do/destinos/portugal,/es-do/destinos/portugal,https://tripseuropa.com/destinos,redireccion_301
https://tripseuropa.com/es-do/destinos/romania,/es-do/destinos/romania,https://tripseuropa.com/destinos,redireccion_301
https://tripseuropa.com/es-do/destinos/scotland,/es-do/destinos/scotland,https://tripseuropa.com/destinos,redireccion_301
https://tripseuropa.com/es-do/destinos/spain,/es-do/destinos/spain,https://tripseuropa.com/destinos,redireccion_301
https://tripseuropa.com/es-do/destinos/sweden,/es-do/destinos/sweden,https://tripseuropa.com/destinos,redireccion_301
https://tripseuropa.com/es-do/destinos/switzerland,/es-do/destinos/switzerland,https://tripseuropa.com/destinos,redireccion_301
https://tripseuropa.com/es-do/destinos/united-kingdom,/es-do/destinos/united-kingdom,https://tripseuropa.com/destinos,redireccion_301
https://tripseuropa.com/es-do/experiencias/año-nuevo-europa,/es-do/experiencias/año-nuevo-europa,https://tripseuropa.com/experiencias,redireccion_301
https://tripseuropa.com/es-do/ofertas/black-friday,/es-do/ofertas/black-friday,https://tripseuropa.com/ofertas,redireccion_301
https://tripseuropa.com/es-do/ofertas/cyber-monday,/es-do/ofertas/cyber-monday,https://tripseuropa.com/ofertas,redireccion_301
https://tripseuropa.com/es-do/ofertas/ofertas-invierno,/es-do/ofertas/ofertas-invierno,https://tripseuropa.com/ofertas,redireccion_301
https://tripseuropa.com/es-do/ofertas/ofertas-ultima-hora,/es-do/ofertas/ofertas-ultima-hora,https://tripseuropa.com/ofertas,redireccion_301
https://tripseuropa.com/es-do/ofertas/ofertas-verano,/es-do/ofertas/ofertas-verano,https://tripseuropa.com/ofertas,redireccion_301
https://tripseuropa.com/es-do/ofertas/promociones-especiales,/es-do/ofertas/promociones-especiales,https://tripseuropa.com/ofertas,redireccion_301
https://tripseuropa.com/es-mx/destinos/albania,/es-mx/destinos/albania,https://tripseuropa.com/destinos,redireccion_301
https://tripseuropa.com/es-mx/destinos/austria,/es-mx/destinos/austria,https://tripseuropa.com/destinos,redireccion_301
https://tripseuropa.com/es-mx/destinos/baltics,/es-mx/destinos/baltics,https://tripseuropa.com/destinos,redireccion_301
https://tripseuropa.com/es-mx/destinos/belgium,/es-mx/destinos/belgium,https://tripseuropa.com/destinos,redireccion_301
https://tripseuropa.com/es-mx/destinos/croatia,/es-mx/destinos/croatia,https://tripseuropa.com/destinos,redireccion_301
https://tripseuropa.com/es-mx/destinos/cyprus,/es-mx/destinos/cyprus,https://tripseuropa.com/destinos,redireccion_301
https://tripseuropa.com/es-mx/destinos/czech-republic,/es-mx/destinos/czech-republic,https://tripseuropa.com/destinos,redireccion_301
https://tripseuropa.com/es-mx/destinos/denmark,/es-mx/destinos/denmark,https://tripseuropa.com/destinos,redireccion_301
https://tripseuropa.com/es-mx/destinos/finland,/es-mx/destinos/finland,https://tripseuropa.com/destinos,redireccion_301
https://tripseuropa.com/es-mx/destinos/france,/es-mx/destinos/france,https://tripseuropa.com/destinos,redireccion_301
https://tripseuropa.com/es-mx/destinos/germany,/es-mx/destinos/germany,https://tripseuropa.com/destinos,redireccion_301
https://tripseuropa.com/es-mx/destinos/greece,/es-mx/destinos/greece,https://tripseuropa.com/destinos,redireccion_301
https://tripseuropa.com/es-mx/destinos/hungary,/es-mx/destinos/hungary,https://tripseuropa.com/destinos,redireccion_301
https://tripseuropa.com/es-mx/destinos/iceland,/es-mx/destinos/iceland,https://tripseuropa.com/destinos,redireccion_301
https://tripseuropa.com/es-mx/destinos/ireland,/es-mx/destinos/ireland,https://tripseuropa.com/destinos,redireccion_301
https://tripseuropa.com/es-mx/destinos/italy,/es-mx/destinos/italy,https://tripseuropa.com/destinos,redireccion_301
https://tripseuropa.com/es-mx/destinos/malta,/es-mx/destinos/malta,https://tripseuropa.com/destinos,redireccion_301
https://tripseuropa.com/es-mx/destinos/netherlands,/es-mx/destinos/netherlands,https://tripseuropa.com/destinos,redireccion_301
https://tripseuropa.com/es-mx/destinos/norway,/es-mx/destinos/norway,https://tripseuropa.com/destinos,redireccion_301
https://tripseuropa.com/es-mx/destinos/poland,/es-mx/destinos/poland,https://tripseuropa.com/destinos,redireccion_301
https://tripseuropa.com/es-mx/destinos/portugal,/es-mx/destinos/portugal,https://tripseuropa.com/destinos,redireccion_301
https://tripseuropa.com/es-mx/destinos/romania,/es-mx/destinos/romania,https://tripseuropa.com/destinos,redireccion_301
https://tripseuropa.com/es-mx/destinos/scotland,/es-mx/destinos/scotland,https://tripseuropa.com/destinos,redireccion_301
https://tripseuropa.com/es-mx/destinos/spain,/es-mx/destinos/spain,https://tripseuropa.com/destinos,redireccion_301
https://tripseuropa.com/es-mx/destinos/sweden,/es-mx/destinos/sweden,https://tripseuropa.com/destinos,redireccion_301
https://tripseuropa.com/es-mx/destinos/switzerland,/es-mx/destinos/switzerland,https://tripseuropa.com/destinos,redireccion_301
https://tripseuropa.com/es-mx/destinos/united-kingdom,/es-mx/destinos/united-kingdom,https://tripseuropa.com/destinos,redireccion_301
https://tripseuropa.com/es-mx/experiencias/año-nuevo-europa,/es-mx/experiencias/año-nuevo-europa,https://tripseuropa.com/experiencias,redireccion_301
https://tripseuropa.com/es-mx/ofertas/black-friday,/es-mx/ofertas/black-friday,https://tripseuropa.com/ofertas,redireccion_301
https://tripseuropa.com/es-mx/ofertas/cyber-monday,/es-mx/ofertas/cyber-monday,https://tripseuropa.com/ofertas,redireccion_301
https://tripseuropa.com/es-mx/ofertas/ofertas-invierno,/es-mx/ofertas/ofertas-invierno,https://tripseuropa.com/ofertas,redireccion_301
https://tripseuropa.com/es-mx/ofertas/ofertas-ultima-hora,/es-mx/ofertas/ofertas-ultima-hora,https://tripseuropa.com/ofertas,redireccion_301
https://tripseuropa.com/es-mx/ofertas/ofertas-verano,/es-mx/ofertas/ofertas-verano,https://tripseuropa.com/ofertas,redireccion_301
https://tripseuropa.com/es-mx/ofertas/promociones-especiales,/es-mx/ofertas/promociones-especiales,https://tripseuropa.com/ofertas,redireccion_301
https://tripseuropa.com/es-pa/destinos/albania,/es-pa/destinos/albania,https://tripseuropa.com/destinos,redireccion_301
https://tripseuropa.com/es-pa/destinos/austria,/es-pa/destinos/austria,https://tripseuropa.com/destinos,redireccion_301
https://tripseuropa.com/es-pa/destinos/baltics,/es-pa/destinos/baltics,https://tripseuropa.com/destinos,redireccion_301
https://tripseuropa.com/es-pa/destinos/belgium,/es-pa/destinos/belgium,https://tripseuropa.com/destinos,redireccion_301
https://tripseuropa.com/es-pa/destinos/croatia,/es-pa/destinos/croatia,https://tripseuropa.com/destinos,redireccion_301
https://tripseuropa.com/es-pa/destinos/cyprus,/es-pa/destinos/cyprus,https://tripseuropa.com/destinos,redireccion_301
https://tripseuropa.com/es-pa/destinos/czech-republic,/es-pa/destinos/czech-republic,https://tripseuropa.com/destinos,redireccion_301
https://tripseuropa.com/es-pa/destinos/denmark,/es-pa/destinos/denmark,https://tripseuropa.com/destinos,redireccion_301
https://tripseuropa.com/es-pa/destinos/finland,/es-pa/destinos/finland,https://tripseuropa.com/destinos,redireccion_301
https://tripseuropa.com/es-pa/destinos/france,/es-pa/destinos/france,https://tripseuropa.com/destinos,redireccion_301
https://tripseuropa.com/es-pa/destinos/germany,/es-pa/destinos/germany,https://tripseuropa.com/destinos,redireccion_301
https://tripseuropa.com/es-pa/destinos/greece,/es-pa/destinos/greece,https://tripseuropa.com/destinos,redireccion_301
https://tripseuropa.com/es-pa/destinos/hungary,/es-pa/destinos/hungary,https://tripseuropa.com/destinos,redireccion_301
https://tripseuropa.com/es-pa/destinos/iceland,/es-pa/destinos/iceland,https://tripseuropa.com/destinos,redireccion_301
https://tripseuropa.com/es-pa/destinos/ireland,/es-pa/destinos/ireland,https://tripseuropa.com/destinos,redireccion_301
https://tripseuropa.com/es-pa/destinos/italy,/es-pa/destinos/italy,https://tripseuropa.com/destinos,redireccion_301
https://tripseuropa.com/es-pa/destinos/malta,/es-pa/destinos/malta,https://tripseuropa.com/destinos,redireccion_301
https://tripseuropa.com/es-pa/destinos/netherlands,/es-pa/destinos/netherlands,https://tripseuropa.com/destinos,redireccion_301
https://tripseuropa.com/es-pa/destinos/norway,/es-pa/destinos/norway,https://tripseuropa.com/destinos,redireccion_301
https://tripseuropa.com/es-pa/destinos/poland,/es-pa/destinos/poland,https://tripseuropa.com/destinos,redireccion_301
https://tripseuropa.com/es-pa/destinos/portugal,/es-pa/destinos/portugal,https://tripseuropa.com/destinos,redireccion_301
https://tripseuropa.com/es-pa/destinos/romania,/es-pa/destinos/romania,https://tripseuropa.com/destinos,redireccion_301
https://tripseuropa.com/es-pa/destinos/scotland,/es-pa/destinos/scotland,https://tripseuropa.com/destinos,redireccion_301
https://tripseuropa.com/es-pa/destinos/spain,/es-pa/destinos/spain,https://tripseuropa.com/destinos,redireccion_301
https://tripseuropa.com/es-pa/destinos/sweden,/es-pa/destinos/sweden,https://tripseuropa.com/destinos,redireccion_301
https://tripseuropa.com/es-pa/destinos/switzerland,/es-pa/destinos/switzerland,https://tripseuropa.com/destinos,redireccion_301
https://tripseuropa.com/es-pa/destinos/united-kingdom,/es-pa/destinos/united-kingdom,https://tripseuropa.com/destinos,redireccion_301
https://tripseuropa.com/es-pa/experiencias/año-nuevo-europa,/es-pa/experiencias/año-nuevo-europa,https://tripseuropa.com/experiencias,redireccion_301
https://tripseuropa.com/es-pa/ofertas/black-friday,/es-pa/ofertas/black-friday,https://tripseuropa.com/ofertas,redireccion_301
https://tripseuropa.com/es-pa/ofertas/cyber-monday,/es-pa/ofertas/cyber-monday,https://tripseuropa.com/ofertas,redireccion_301
https://tripseuropa.com/es-pa/ofertas/ofertas-invierno,/es-pa/ofertas/ofertas-invierno,https://tripseuropa.com/ofertas,redireccion_301
https://tripseuropa.com/es-pa/ofertas/ofertas-ultima-hora,/es-pa/ofertas/ofertas-ultima-hora,https://tripseuropa.com/ofertas,redireccion_301
https://tripseuropa.com/es-pa/ofertas/ofertas-verano,/es-pa/ofertas/ofertas-verano,https://tripseuropa.com/ofertas,redireccion_301
https://tripseuropa.com/es-pa/ofertas/promociones-especiales,/es-pa/ofertas/promociones-especiales,https://tripseuropa.com/ofertas,redireccion_301
https://tripseuropa.com/es-pe/destinos/albania,/es-pe/destinos/albania,https://tripseuropa.com/destinos,redireccion_301
https://tripseuropa.com/es-pe/destinos/austria,/es-pe/destinos/austria,https://tripseuropa.com/destinos,redireccion_301
https://tripseuropa.com/es-pe/destinos/baltics,/es-pe/destinos/baltics,https://tripseuropa.com/destinos,redireccion_301
https://tripseuropa.com/es-pe/destinos/belgium,/es-pe/destinos/belgium,https://tripseuropa.com/destinos,redireccion_301
https://tripseuropa.com/es-pe/destinos/croatia,/es-pe/destinos/croatia,https://tripseuropa.com/destinos,redireccion_301
https://tripseuropa.com/es-pe/destinos/cyprus,/es-pe/destinos/cyprus,https://tripseuropa.com/destinos,redireccion_301
https://tripseuropa.com/es-pe/destinos/czech-republic,/es-pe/destinos/czech-republic,https://tripseuropa.com/destinos,redireccion_301
https://tripseuropa.com/es-pe/destinos/denmark,/es-pe/destinos/denmark,https://tripseuropa.com/destinos,redireccion_301
https://tripseuropa.com/es-pe/destinos/finland,/es-pe/destinos/finland,https://tripseuropa.com/destinos,redireccion_301
https://tripseuropa.com/es-pe/destinos/france,/es-pe/destinos/france,https://tripseuropa.com/destinos,redireccion_301
https://tripseuropa.com/es-pe/destinos/germany,/es-pe/destinos/germany,https://tripseuropa.com/destinos,redireccion_301
https://tripseuropa.com/es-pe/destinos/greece,/es-pe/destinos/greece,https://tripseuropa.com/destinos,redireccion_301
https://tripseuropa.com/es-pe/destinos/hungary,/es-pe/destinos/hungary,https://tripseuropa.com/destinos,redireccion_301
https://tripseuropa.com/es-pe/destinos/iceland,/es-pe/destinos/iceland,https://tripseuropa.com/destinos,redireccion_301
https://tripseuropa.com/es-pe/destinos/ireland,/es-pe/destinos/ireland,https://tripseuropa.com/destinos,redireccion_301
https://tripseuropa.com/es-pe/destinos/italy,/es-pe/destinos/italy,https://tripseuropa.com/destinos,redireccion_301
https://tripseuropa.com/es-pe/destinos/malta,/es-pe/destinos/malta,https://tripseuropa.com/destinos,redireccion_301
https://tripseuropa.com/es-pe/destinos/netherlands,/es-pe/destinos/netherlands,https://tripseuropa.com/destinos,redireccion_301
https://tripseuropa.com/es-pe/destinos/norway,/es-pe/destinos/norway,https://tripseuropa.com/destinos,redireccion_301
https://tripseuropa.com/es-pe/destinos/poland,/es-pe/destinos/poland,https://tripseuropa.com/destinos,redireccion_301
https://tripseuropa.com/es-pe/destinos/portugal,/es-pe/destinos/portugal,https://tripseuropa.com/destinos,redireccion_301
https://tripseuropa.com/es-pe/destinos/romania,/es-pe/destinos/romania,https://tripseuropa.com/destinos,redireccion_301
https://tripseuropa.com/es-pe/destinos/scotland,/es-pe/destinos/scotland,https://tripseuropa.com/destinos,redireccion_301
https://tripseuropa.com/es-pe/destinos/spain,/es-pe/destinos/spain,https://tripseuropa.com/destinos,redireccion_301
https://tripseuropa.com/es-pe/destinos/sweden,/es-pe/destinos/sweden,https://tripseuropa.com/destinos,redireccion_301
https://tripseuropa.com/es-pe/destinos/switzerland,/es-pe/destinos/switzerland,https://tripseuropa.com/destinos,redireccion_301
https://tripseuropa.com/es-pe/destinos/united-kingdom,/es-pe/destinos/united-kingdom,https://tripseuropa.com/destinos,redireccion_301
https://tripseuropa.com/es-pe/experiencias/año-nuevo-europa,/es-pe/experiencias/año-nuevo-europa,https://tripseuropa.com/experiencias,redireccion_301
https://tripseuropa.com/es-pe/ofertas/black-friday,/es-pe/ofertas/black-friday,https://tripseuropa.com/ofertas,redireccion_301
https://tripseuropa.com/es-pe/ofertas/cyber-monday,/es-pe/ofertas/cyber-monday,https://tripseuropa.com/ofertas,redireccion_301
https://tripseuropa.com/es-pe/ofertas/ofertas-invierno,/es-pe/ofertas/ofertas-invierno,https://tripseuropa.com/ofertas,redireccion_301
https://tripseuropa.com/es-pe/ofertas/ofertas-ultima-hora,/es-pe/ofertas/ofertas-ultima-hora,https://tripseuropa.com/ofertas,redireccion_301
https://tripseuropa.com/es-pe/ofertas/ofertas-verano,/es-pe/ofertas/ofertas-verano,https://tripseuropa.com/ofertas,redireccion_301
https://tripseuropa.com/es-pe/ofertas/promociones-especiales,/es-pe/ofertas/promociones-especiales,https://tripseuropa.com/ofertas,redireccion_301
https://tripseuropa.com/es/caribe/destinos/albania,/es/caribe/destinos/albania,https://tripseuropa.com/destinos,redireccion_301
https://tripseuropa.com/es/caribe/destinos/austria,/es/caribe/destinos/austria,https://tripseuropa.com/destinos,redireccion_301
https://tripseuropa.com/es/caribe/destinos/baltics,/es/caribe/destinos/baltics,https://tripseuropa.com/destinos,redireccion_301
https://tripseuropa.com/es/caribe/destinos/belgium,/es/caribe/destinos/belgium,https://tripseuropa.com/destinos,redireccion_301
https://tripseuropa.com/es/caribe/destinos/croatia,/es/caribe/destinos/croatia,https://tripseuropa.com/destinos,redireccion_301
https://tripseuropa.com/es/caribe/destinos/cyprus,/es/caribe/destinos/cyprus,https://tripseuropa.com/destinos,redireccion_301
https://tripseuropa.com/es/caribe/destinos/czech-republic,/es/caribe/destinos/czech-republic,https://tripseuropa.com/destinos,redireccion_301
https://tripseuropa.com/es/caribe/destinos/denmark,/es/caribe/destinos/denmark,https://tripseuropa.com/destinos,redireccion_301
https://tripseuropa.com/es/caribe/destinos/finland,/es/caribe/destinos/finland,https://tripseuropa.com/destinos,redireccion_301
https://tripseuropa.com/es/caribe/destinos/france,/es/caribe/destinos/france,https://tripseuropa.com/destinos,redireccion_301
https://tripseuropa.com/es/caribe/destinos/germany,/es/caribe/destinos/germany,https://tripseuropa.com/destinos,redireccion_301
https://tripseuropa.com/es/caribe/destinos/greece,/es/caribe/destinos/greece,https://tripseuropa.com/destinos,redireccion_301
https://tripseuropa.com/es/caribe/destinos/hungary,/es/caribe/destinos/hungary,https://tripseuropa.com/destinos,redireccion_301
https://tripseuropa.com/es/caribe/destinos/iceland,/es/caribe/destinos/iceland,https://tripseuropa.com/destinos,redireccion_301
https://tripseuropa.com/es/caribe/destinos/ireland,/es/caribe/destinos/ireland,https://tripseuropa.com/destinos,redireccion_301
https://tripseuropa.com/es/caribe/destinos/italy,/es/caribe/destinos/italy,https://tripseuropa.com/destinos,redireccion_301
https://tripseuropa.com/es/caribe/destinos/malta,/es/caribe/destinos/malta,https://tripseuropa.com/destinos,redireccion_301
https://tripseuropa.com/es/caribe/destinos/netherlands,/es/caribe/destinos/netherlands,https://tripseuropa.com/destinos,redireccion_301
https://tripseuropa.com/es/caribe/destinos/norway,/es/caribe/destinos/norway,https://tripseuropa.com/destinos,redireccion_301
https://tripseuropa.com/es/caribe/destinos/poland,/es/caribe/destinos/poland,https://tripseuropa.com/destinos,redireccion_301
https://tripseuropa.com/es/caribe/destinos/portugal,/es/caribe/destinos/portugal,https://tripseuropa.com/destinos,redireccion_301
https://tripseuropa.com/es/caribe/destinos/romania,/es/caribe/destinos/romania,https://tripseuropa.com/destinos,redireccion_301
https://tripseuropa.com/es/caribe/destinos/scotland,/es/caribe/destinos/scotland,https://tripseuropa.com/destinos,redireccion_301
https://tripseuropa.com/es/caribe/destinos/spain,/es/caribe/destinos/spain,https://tripseuropa.com/destinos,redireccion_301
https://tripseuropa.com/es/caribe/destinos/sweden,/es/caribe/destinos/sweden,https://tripseuropa.com/destinos,redireccion_301
https://tripseuropa.com/es/caribe/destinos/switzerland,/es/caribe/destinos/switzerland,https://tripseuropa.com/destinos,redireccion_301
https://tripseuropa.com/es/caribe/destinos/united-kingdom,/es/caribe/destinos/united-kingdom,https://tripseuropa.com/destinos,redireccion_301
https://tripseuropa.com/es/caribe/experiencias/arte-cultura,/es/caribe/experiencias/arte-cultura,https://tripseuropa.com/experiencias,redireccion_301
https://tripseuropa.com/es/caribe/experiencias/aventura-naturaleza,/es/caribe/experiencias/aventura-naturaleza,https://tripseuropa.com/experiencias,redireccion_301
https://tripseuropa.com/es/caribe/experiencias/año-nuevo-europa,/es/caribe/experiencias/año-nuevo-europa,https://tripseuropa.com/experiencias,redireccion_301
https://tripseuropa.com/es/caribe/experiencias/ciudades-historicas,/es/caribe/experiencias/ciudades-historicas,https://tripseuropa.com/experiencias,redireccion_301
https://tripseuropa.com/es/caribe/experiencias/gastronomia-europa,/es/caribe/experiencias/gastronomia-europa,https://tripseuropa.com/experiencias,redireccion_301
https://tripseuropa.com/es/caribe/experiencias/invierno-europa,/es/caribe/experiencias/invierno-europa,https://tripseuropa.com/experiencias,redireccion_301
https://tripseuropa.com/es/caribe/experiencias/navidad-europa,/es/caribe/experiencias/navidad-europa,https://tripseuropa.com/experiencias,redireccion_301
https://tripseuropa.com/es/caribe/experiencias/otono-europa,/es/caribe/experiencias/otono-europa,https://tripseuropa.com/experiencias,redireccion_301
https://tripseuropa.com/es/caribe/experiencias/primavera-europa,/es/caribe/experiencias/primavera-europa,https://tripseuropa.com/experiencias,redireccion_301
https://tripseuropa.com/es/caribe/experiencias/verano-europa,/es/caribe/experiencias/verano-europa,https://tripseuropa.com/experiencias,redireccion_301
https://tripseuropa.com/es/caribe/ofertas/black-friday,/es/caribe/ofertas/black-friday,https://tripseuropa.com/ofertas,redireccion_301
https://tripseuropa.com/es/caribe/ofertas/cyber-monday,/es/caribe/ofertas/cyber-monday,https://tripseuropa.com/ofertas,redireccion_301
https://tripseuropa.com/es/caribe/ofertas/ofertas-invierno,/es/caribe/ofertas/ofertas-invierno,https://tripseuropa.com/ofertas,redireccion_301
https://tripseuropa.com/es/caribe/ofertas/ofertas-ultima-hora,/es/caribe/ofertas/ofertas-ultima-hora,https://tripseuropa.com/ofertas,redireccion_301
https://tripseuropa.com/es/caribe/ofertas/ofertas-verano,/es/caribe/ofertas/ofertas-verano,https://tripseuropa.com/ofertas,redireccion_301
https://tripseuropa.com/es/caribe/ofertas/promociones-especiales,/es/caribe/ofertas/promociones-especiales,https://tripseuropa.com/ofertas,redireccion_301
https://tripseuropa.com/es/caribe/paquetes/capitales-europeas,/es/caribe/paquetes/capitales-europeas,https://tripseuropa.com/paquetes,redireccion_301
https://tripseuropa.com/es/caribe/paquetes/europa-10-dias,/es/caribe/paquetes/europa-10-dias,https://tripseuropa.com/paquetes,redireccion_301
https://tripseuropa.com/es/caribe/paquetes/europa-15-dias,/es/caribe/paquetes/europa-15-dias,https://tripseuropa.com/paquetes,redireccion_301
https://tripseuropa.com/es/caribe/paquetes/europa-21-dias,/es/caribe/paquetes/europa-21-dias,https://tripseuropa.com/paquetes,redireccion_301
https://tripseuropa.com/es/caribe/paquetes/europa-7-dias,/es/caribe/paquetes/europa-7-dias,https://tripseuropa.com/paquetes,redireccion_301
https://tripseuropa.com/es/caribe/paquetes/europa-clasica,/es/caribe/paquetes/europa-clasica,https://tripseuropa.com/paquetes,redireccion_301
https://tripseuropa.com/es/caribe/paquetes/europa-express,/es/caribe/paquetes/europa-express,https://tripseuropa.com/paquetes,redireccion_301
https://tripseuropa.com/es/caribe/paquetes/europa-oriental,/es/caribe/paquetes/europa-oriental,https://tripseuropa.com/paquetes,redireccion_301
https://tripseuropa.com/es/caribe/paquetes/familia-europa,/es/caribe/paquetes/familia-europa,https://tripseuropa.com/paquetes,redireccion_301
https://tripseuropa.com/es/caribe/paquetes/luna-de-miel,/es/caribe/paquetes/luna-de-miel,https://tripseuropa.com/paquetes,redireccion_301
https://tripseuropa.com/es/caribe/paquetes/norte-europa,/es/caribe/paquetes/norte-europa,https://tripseuropa.com/paquetes,redireccion_301
https://tripseuropa.com/es/caribe/paquetes/tour-mediterraeo,/es/caribe/paquetes/tour-mediterraeo,https://tripseuropa.com/paquetes,redireccion_301
https://tripseuropa.com/experiencias/año-nuevo-europa,/experiencias/año-nuevo-europa,https://tripseuropa.com/experiencias,redireccion_301
https://tripseuropa.com/last-minute,/last-minute,https://tripseuropa.com/,corregir_en_sitemap
https://tripseuropa.com/mexico,/mexico,https://tripseuropa.com/,corregir_en_sitemap
https://tripseuropa.com/ofertas/black-friday,/ofertas/black-friday,https://tripseuropa.com/ofertas,redireccion_301
https://tripseuropa.com/ofertas/cyber-monday,/ofertas/cyber-monday,https://tripseuropa.com/ofertas,redireccion_301
https://tripseuropa.com/ofertas/ofertas-invierno,/ofertas/ofertas-invierno,https://tripseuropa.com/ofertas,redireccion_301
https://tripseuropa.com/ofertas/ofertas-ultima-hora,/ofertas/ofertas-ultima-hora,https://tripseuropa.com/ofertas,redireccion_301
https://tripseuropa.com/ofertas/ofertas-verano,/ofertas/ofertas-verano,https://tripseuropa.com/ofertas,redireccion_301
https://tripseuropa.com/ofertas/promociones-especiales,/ofertas/promociones-especiales,https://tripseuropa.com/ofertas,redireccion_301
https://tripseuropa.com/package/alpine-adventure,/package/alpine-adventure,https://tripseuropa.com/,corregir_en_sitemap
https://tripseuropa.com/package/best-of-europe,/package/best-of-europe,https://tripseuropa.com/,corregir_en_sitemap
https://tripseuropa.com/package/capitales-europeas,/package/capitales-europeas,https://tripseuropa.com/,corregir_en_sitemap
https://tripseuropa.com/package/eastern-europe,/package/eastern-europe,https://tripseuropa.com/,corregir_en_sitemap
https://tripseuropa.com/package/europa-10-dias,/package/europa-10-dias,https://tripseuropa.com/,corregir_en_sitemap
https://tripseuropa.com/package/greek-islands,/package/greek-islands,https://tripseuropa.com/,corregir_en_sitemap
https://tripseuropa.com/package/iberian-explorer,/package/iberian-explorer,https://tripseuropa.com/,corregir_en_sitemap
https://tripseuropa.com/package/mediterranean-delight,/package/mediterranean-delight,https://tripseuropa.com/,corregir_en_sitemap
https://tripseuropa.com/package/northern-lights,/package/northern-lights,https://tripseuropa.com/,corregir_en_sitemap
https://tripseuropa.com/panama,/panama,https://tripseuropa.com/,corregir_en_sitemap
https://tripseuropa.com/peru,/peru,https://tripseuropa.com/,corregir_en_sitemap
https://tripseuropa.com/politica-cancelacion,/politica-cancelacion,https://tripseuropa.com/,corregir_en_sitemap
https://tripseuropa.com/pt-br/assistente,/pt-br/assistente,https://tripseuropa.com/,corregir_en_sitemap
https://tripseuropa.com/pt-br/contato,/pt-br/contato,https://tripseuropa.com/,corregir_en_sitemap
https://tripseuropa.com/pt-br/destinations/croatia,/pt-br/destinations/croatia,https://tripseuropa.com/destinos,redireccion_301
https://tripseuropa.com/pt-br/destinations/france,/pt-br/destinations/france,https://tripseuropa.com/destinos,redireccion_301
https://tripseuropa.com/pt-br/destinations/germany,/pt-br/destinations/germany,https://tripseuropa.com/destinos,redireccion_301
https://tripseuropa.com/pt-br/destinations/greece,/pt-br/destinations/greece,https://tripseuropa.com/destinos,redireccion_301
https://tripseuropa.com/pt-br/destinations/italy,/pt-br/destinations/italy,https://tripseuropa.com/destinos,redireccion_301
https://tripseuropa.com/pt-br/destinations/netherlands,/pt-br/destinations/netherlands,https://tripseuropa.com/destinos,redireccion_301
https://tripseuropa.com/pt-br/destinations/portugal,/pt-br/destinations/portugal,https://tripseuropa.com/destinos,redireccion_301
https://tripseuropa.com/pt-br/destinations/spain,/pt-br/destinations/spain,https://tripseuropa.com/destinos,redireccion_301
https://tripseuropa.com/pt-br/destinations/switzerland,/pt-br/destinations/switzerland,https://tripseuropa.com/destinos,redireccion_301
https://tripseuropa.com/pt-br/destinations/united-kingdom,/pt-br/destinations/united-kingdom,https://tripseuropa.com/destinos,redireccion_301
https://tripseuropa.com/pt-br/destinos/albania,/pt-br/destinos/albania,https://tripseuropa.com/destinos,redireccion_301
https://tripseuropa.com/pt-br/destinos/austria,/pt-br/destinos/austria,https://tripseuropa.com/destinos,redireccion_301
https://tripseuropa.com/pt-br/destinos/baltics,/pt-br/destinos/baltics,https://tripseuropa.com/destinos,redireccion_301
https://tripseuropa.com/pt-br/destinos/belgium,/pt-br/destinos/belgium,https://tripseuropa.com/destinos,redireccion_301
https://tripseuropa.com/pt-br/destinos/croatia,/pt-br/destinos/croatia,https://tripseuropa.com/destinos,redireccion_301
https://tripseuropa.com/pt-br/destinos/cyprus,/pt-br/destinos/cyprus,https://tripseuropa.com/destinos,redireccion_301
https://tripseuropa.com/pt-br/destinos/czech-republic,/pt-br/destinos/czech-republic,https://tripseuropa.com/destinos,redireccion_301
https://tripseuropa.com/pt-br/destinos/denmark,/pt-br/destinos/denmark,https://tripseuropa.com/destinos,redireccion_301
https://tripseuropa.com/pt-br/destinos/finland,/pt-br/destinos/finland,https://tripseuropa.com/destinos,redireccion_301
https://tripseuropa.com/pt-br/destinos/france,/pt-br/destinos/france,https://tripseuropa.com/destinos,redireccion_301
https://tripseuropa.com/pt-br/destinos/germany,/pt-br/destinos/germany,https://tripseuropa.com/destinos,redireccion_301
https://tripseuropa.com/pt-br/destinos/greece,/pt-br/destinos/greece,https://tripseuropa.com/destinos,redireccion_301
https://tripseuropa.com/pt-br/destinos/hungary,/pt-br/destinos/hungary,https://tripseuropa.com/destinos,redireccion_301
https://tripseuropa.com/pt-br/destinos/iceland,/pt-br/destinos/iceland,https://tripseuropa.com/destinos,redireccion_301
https://tripseuropa.com/pt-br/destinos/ireland,/pt-br/destinos/ireland,https://tripseuropa.com/destinos,redireccion_301
https://tripseuropa.com/pt-br/destinos/italy,/pt-br/destinos/italy,https://tripseuropa.com/destinos,redireccion_301
https://tripseuropa.com/pt-br/destinos/malta,/pt-br/destinos/malta,https://tripseuropa.com/destinos,redireccion_301
https://tripseuropa.com/pt-br/destinos/netherlands,/pt-br/destinos/netherlands,https://tripseuropa.com/destinos,redireccion_301
https://tripseuropa.com/pt-br/destinos/norway,/pt-br/destinos/norway,https://tripseuropa.com/destinos,redireccion_301
https://tripseuropa.com/pt-br/destinos/poland,/pt-br/destinos/poland,https://tripseuropa.com/destinos,redireccion_301
https://tripseuropa.com/pt-br/destinos/portugal,/pt-br/destinos/portugal,https://tripseuropa.com/destinos,redireccion_301
https://tripseuropa.com/pt-br/destinos/romania,/pt-br/destinos/romania,https://tripseuropa.com/destinos,redireccion_301
https://tripseuropa.com/pt-br/destinos/scotland,/pt-br/destinos/scotland,https://tripseuropa.com/destinos,redireccion_301
https://tripseuropa.com/pt-br/destinos/spain,/pt-br/destinos/spain,https://tripseuropa.com/destinos,redireccion_301
https://tripseuropa.com/pt-br/destinos/sweden,/pt-br/destinos/sweden,https://tripseuropa.com/destinos,redireccion_301
https://tripseuropa.com/pt-br/destinos/switzerland,/pt-br/destinos/switzerland,https://tripseuropa.com/destinos,redireccion_301
https://tripseuropa.com/pt-br/destinos/united-kingdom,/pt-br/destinos/united-kingdom,https://tripseuropa.com/destinos,redireccion_301
https://tripseuropa.com/pt-br/experiencias/año-nuevo-europa,/pt-br/experiencias/año-nuevo-europa,https://tripseuropa.com/experiencias,redireccion_301
https://tripseuropa.com/pt-br/ferias-europa,/pt-br/ferias-europa,https://tripseuropa.com/,corregir_en_sitemap
https://tripseuropa.com/pt-br/last-minute,/pt-br/last-minute,https://tripseuropa.com/,corregir_en_sitemap
https://tripseuropa.com/pt-br/ofertas/black-friday,/pt-br/ofertas/black-friday,https://tripseuropa.com/ofertas,redireccion_301
https://tripseuropa.com/pt-br/ofertas/cyber-monday,/pt-br/ofertas/cyber-monday,https://tripseuropa.com/ofertas,redireccion_301
https://tripseuropa.com/pt-br/ofertas/ofertas-invierno,/pt-br/ofertas/ofertas-invierno,https://tripseuropa.com/ofertas,redireccion_301
https://tripseuropa.com/pt-br/ofertas/ofertas-ultima-hora,/pt-br/ofertas/ofertas-ultima-hora,https://tripseuropa.com/ofertas,redireccion_301
https://tripseuropa.com/pt-br/ofertas/ofertas-verano,/pt-br/ofertas/ofertas-verano,https://tripseuropa.com/ofertas,redireccion_301
https://tripseuropa.com/pt-br/ofertas/promociones-especiales,/pt-br/ofertas/promociones-especiales,https://tripseuropa.com/ofertas,redireccion_301
https://tripseuropa.com/pt-br/pacotes/capitales-europeas,/pt-br/pacotes/capitales-europeas,https://tripseuropa.com/,corregir_en_sitemap
https://tripseuropa.com/pt-br/pacotes/europa-10-dias,/pt-br/pacotes/europa-10-dias,https://tripseuropa.com/,corregir_en_sitemap
https://tripseuropa.com/pt-br/pacotes/europa-15-dias,/pt-br/pacotes/europa-15-dias,https://tripseuropa.com/,corregir_en_sitemap
https://tripseuropa.com/pt-br/pacotes/europa-21-dias,/pt-br/pacotes/europa-21-dias,https://tripseuropa.com/,corregir_en_sitemap
https://tripseuropa.com/pt-br/pacotes/europa-7-dias,/pt-br/pacotes/europa-7-dias,https://tripseuropa.com/,corregir_en_sitemap
https://tripseuropa.com/pt-br/pacotes/europa-clasica,/pt-br/pacotes/europa-clasica,https://tripseuropa.com/,corregir_en_sitemap
https://tripseuropa.com/pt-br/pacotes/europa-express,/pt-br/pacotes/europa-express,https://tripseuropa.com/,corregir_en_sitemap
https://tripseuropa.com/pt-br/pacotes/europa-oriental,/pt-br/pacotes/europa-oriental,https://tripseuropa.com/,corregir_en_sitemap
https://tripseuropa.com/pt-br/pacotes/familia-europa,/pt-br/pacotes/familia-europa,https://tripseuropa.com/,corregir_en_sitemap
https://tripseuropa.com/pt-br/pacotes/luna-de-miel,/pt-br/pacotes/luna-de-miel,https://tripseuropa.com/,corregir_en_sitemap
https://tripseuropa.com/pt-br/pacotes/norte-europa,/pt-br/pacotes/norte-europa,https://tripseuropa.com/,corregir_en_sitemap
https://tripseuropa.com/pt-br/pacotes/tour-mediterraeo,/pt-br/pacotes/tour-mediterraeo,https://tripseuropa.com/,corregir_en_sitemap
https://tripseuropa.com/pt-br/sobre,/pt-br/sobre,https://tripseuropa.com/,corregir_en_sitemap
https://tripseuropa.com/terms,/terms,https://tripseuropa.com/,corregir_en_sitemap
https://tripseuropa.com/travel-style/aventura,/travel-style/aventura,https://tripseuropa.com/,corregir_en_sitemap
https://tripseuropa.com/travel-style/familia,/travel-style/familia,https://tripseuropa.com/,corregir_en_sitemap
https://tripseuropa.com/travel-style/grupos,/travel-style/grupos,https://tripseuropa.com/,corregir_en_sitemap
https://tripseuropa.com/travel-style/invierno,/travel-style/invierno,https://tripseuropa.com/,corregir_en_sitemap
https://tripseuropa.com/travel-style/lujo,/travel-style/lujo,https://tripseuropa.com/,corregir_en_sitemap
https://tripseuropa.com/travel-style/otono,/travel-style/otono,https://tripseuropa.com/,corregir_en_sitemap
https://tripseuropa.com/travel-style/parejas,/travel-style/parejas,https://tripseuropa.com/,corregir_en_sitemap
https://tripseuropa.com/travel-style/presupuesto,/travel-style/presupuesto,https://tripseuropa.com/,corregir_en_sitemap
https://tripseuropa.com/travel-style/primavera,/travel-style/primavera,https://tripseuropa.com/,corregir_en_sitemap
https://tripseuropa.com/travel-style/romantico,/travel-style/romantico,https://tripseuropa.com/,corregir_en_sitemap
https://tripseuropa.com/travel-style/solos,/travel-style/solos,https://tripseuropa.com/,corregir_en_sitemap
https://tripseuropa.com/travel-style/tercera-edad,/travel-style/tercera-edad,https://tripseuropa.com/,corregir_en_sitemap
https://tripseuropa.com/travel-style/verano,/travel-style/verano,https://tripseuropa.com/,corregir_en_sitemap
https://tripseuropa.com/venezuela,/venezuela,https://tripseuropa.com/,corregir_en_sitemap
